pos1,orig1,mut1,pos2,orig2,mut2
40,S,W,41,D,Y
31,D,Y,40,S,W
33,D,Y,40,S,W
40,S,W,44,S,F
40,S,W,41,D,V
31,D,V,40,S,W
33,D,V,40,S,W
38,I,N,40,S,W
36,I,N,40,S,W
40,S,W,44,S,Y
31,D,Y,33,D,Y
31,D,Y,41,D,Y
33,D,Y,41,D,Y
38,I,S,40,S,W
36,I,S,40,S,W
33,D,Y,44,S,F
31,D,Y,44,S,F
41,D,Y,44,S,F
31,D,V,41,D,Y
31,D,Y,33,D,V
31,D,V,33,D,Y
31,D,Y,41,D,V
33,D,V,41,D,Y
33,D,Y,41,D,V
38,I,N,41,D,Y
31,D,Y,36,I,N
31,D,Y,38,I,N
36,I,N,41,D,Y
33,D,Y,36,I,N
33,D,Y,38,I,N
33,D,V,44,S,F
41,D,V,44,S,F
31,D,V,44,S,F
33,D,Y,40,S,L
31,D,Y,40,S,L
40,S,L,41,D,Y
31,D,V,41,D,V
31,D,V,33,D,V
33,D,V,41,D,V
41,D,Y,44,S,Y
31,D,Y,44,S,Y
33,D,Y,44,S,Y
38,I,N,44,S,F
36,I,N,44,S,F
40,S,W,41,D,A
31,D,A,40,S,W
33,D,A,40,S,W
30,G,R,40,S,W
38,I,S,41,D,Y
31,D,Y,36,I,S
